id,field,is model,path,path_rad
0,iso-oph_123,False,/home/pnogueira/chewiepoint/bhowmik_2025/bhowmik2025_et_al_plots/src/bhowmik2025plots/input_files/fits_files/ISO-Oph_123_all_p0_bigmask.fits,/home/pnogueira/chewiepoint/bhowmik_2025/bhowmik2025_et_al_plots/src/bhowmik2025plots/input_files/frank_profiles/ISO-Oph_123_frank_profile_fit.txt
1,iso-oph_123,True,/home/pnogueira/chewiepoint/bhowmik_2025/bhowmik2025_et_al_plots/src/bhowmik2025plots/input_files/fits_files/ISO-Oph_123_frank_model.fits,/home/pnogueira/chewiepoint/bhowmik_2025/bhowmik2025_et_al_plots/src/bhowmik2025plots/input_files/frank_profiles/ISO-Oph_123_frank_profile_fit.txt
2,iso-oph_13,True,/home/pnogueira/chewiepoint/bhowmik_2025/bhowmik2025_et_al_plots/src/bhowmik2025plots/input_files/fits_files/ISO-Oph_13_frank_model.fits,/home/pnogueira/chewiepoint/bhowmik_2025/bhowmik2025_et_al_plots/src/bhowmik2025plots/input_files/frank_profiles/ISO-Oph_13_frank_profile_fit.txt
3,iso-oph_13,False,/home/pnogueira/chewiepoint/bhowmik_2025/bhowmik2025_et_al_plots/src/bhowmik2025plots/input_files/fits_files/ISO-Oph_13_all_p0_bigmask.fits,/home/pnogueira/chewiepoint/bhowmik_2025/bhowmik2025_et_al_plots/src/bhowmik2025plots/input_files/frank_profiles/ISO-Oph_13_frank_profile_fit.txt
4,iso-oph_193,True,/home/pnogueira/chewiepoint/bhowmik_2025/bhowmik2025_et_al_plots/src/bhowmik2025plots/input_files/fits_files/ISO-Oph_193_frank_model.fits,/home/pnogueira/chewiepoint/bhowmik_2025/bhowmik2025_et_al_plots/src/bhowmik2025plots/input_files/frank_profiles/ISO-Oph_193_frank_profile_fit.txt
5,iso-oph_193,False,/home/pnogueira/chewiepoint/bhowmik_2025/bhowmik2025_et_al_plots/src/bhowmik2025plots/input_files/fits_files/ISO-Oph_193_all_p0_bigmask.fits,/home/pnogueira/chewiepoint/bhowmik_2025/bhowmik2025_et_al_plots/src/bhowmik2025plots/input_files/frank_profiles/ISO-Oph_193_frank_profile_fit.txt
6,iso-oph_208,False,/home/pnogueira/chewiepoint/bhowmik_2025/bhowmik2025_et_al_plots/src/bhowmik2025plots/input_files/fits_files/ISO-Oph_208_all_p0_bigmask.fits,/home/pnogueira/chewiepoint/bhowmik_2025/bhowmik2025_et_al_plots/src/bhowmik2025plots/input_files/frank_profiles/ISO-Oph_208_frank_profile_fit.txt
7,iso-oph_208,True,/home/pnogueira/chewiepoint/bhowmik_2025/bhowmik2025_et_al_plots/src/bhowmik2025plots/input_files/fits_files/ISO-Oph_208_frank_model.fits,/home/pnogueira/chewiepoint/bhowmik_2025/bhowmik2025_et_al_plots/src/bhowmik2025plots/input_files/frank_profiles/ISO-Oph_208_frank_profile_fit.txt
8,odisea_c4_001,True,/home/pnogueira/chewiepoint/bhowmik_2025/bhowmik2025_et_al_plots/src/bhowmik2025plots/input_files/fits_files/ODISEA_C4_001_frank_model.fits,/home/pnogueira/chewiepoint/bhowmik_2025/bhowmik2025_et_al_plots/src/bhowmik2025plots/input_files/frank_profiles/ODISEA_C4_001_frank_profile_fit.txt
9,odisea_c4_001,False,/home/pnogueira/chewiepoint/bhowmik_2025/bhowmik2025_et_al_plots/src/bhowmik2025plots/input_files/fits_files/ODISEA_C4_001_all_p0_bigmask.fits,/home/pnogueira/chewiepoint/bhowmik_2025/bhowmik2025_et_al_plots/src/bhowmik2025plots/input_files/frank_profiles/ODISEA_C4_001_frank_profile_fit.txt
10,odisea_c4_007,False,/home/pnogueira/chewiepoint/bhowmik_2025/bhowmik2025_et_al_plots/src/bhowmik2025plots/input_files/fits_files/ODISEA_C4_007_all_p0_bigmask.fits,/home/pnogueira/chewiepoint/bhowmik_2025/bhowmik2025_et_al_plots/src/bhowmik2025plots/input_files/frank_profiles/ODISEA_C4_007_frank_profile_fit.txt
11,odisea_c4_007,True,/home/pnogueira/chewiepoint/bhowmik_2025/bhowmik2025_et_al_plots/src/bhowmik2025plots/input_files/fits_files/ODISEA_C4_007_frank_model.fits,/home/pnogueira/chewiepoint/bhowmik_2025/bhowmik2025_et_al_plots/src/bhowmik2025plots/input_files/frank_profiles/ODISEA_C4_007_frank_profile_fit.txt
12,odisea_c4_009,True,/home/pnogueira/chewiepoint/bhowmik_2025/bhowmik2025_et_al_plots/src/bhowmik2025plots/input_files/fits_files/ODISEA_C4_009_frank_model.fits,/home/pnogueira/chewiepoint/bhowmik_2025/bhowmik2025_et_al_plots/src/bhowmik2025plots/input_files/frank_profiles/ODISEA_C4_009_frank_profile_fit.txt
13,odisea_c4_009,False,/home/pnogueira/chewiepoint/bhowmik_2025/bhowmik2025_et_al_plots/src/bhowmik2025plots/input_files/fits_files/ODISEA_C4_009_all_p0_bigmask.fits,/home/pnogueira/chewiepoint/bhowmik_2025/bhowmik2025_et_al_plots/src/bhowmik2025plots/input_files/frank_profiles/ODISEA_C4_009_frank_profile_fit.txt
14,odisea_c4_016a,True,/home/pnogueira/chewiepoint/bhowmik_2025/bhowmik2025_et_al_plots/src/bhowmik2025plots/input_files/fits_files/ODISEA_C4_016A_frank_model.fits,/home/pnogueira/chewiepoint/bhowmik_2025/bhowmik2025_et_al_plots/src/bhowmik2025plots/input_files/frank_profiles/ODISEA_C4_016A_frank_profile_fit.txt
15,odisea_c4_016a,False,/home/pnogueira/chewiepoint/bhowmik_2025/bhowmik2025_et_al_plots/src/bhowmik2025plots/input_files/fits_files/ODISEA_C4_016A_all_p0_bigmask.fits,/home/pnogueira/chewiepoint/bhowmik_2025/bhowmik2025_et_al_plots/src/bhowmik2025plots/input_files/frank_profiles/ODISEA_C4_016A_frank_profile_fit.txt
16,odisea_c4_016b,False,/home/pnogueira/chewiepoint/bhowmik_2025/bhowmik2025_et_al_plots/src/bhowmik2025plots/input_files/fits_files/ODISEA_C4_016B_all_p0_bigmask.fits,/home/pnogueira/chewiepoint/bhowmik_2025/bhowmik2025_et_al_plots/src/bhowmik2025plots/input_files/frank_profiles/ODISEA_C4_016B_frank_profile_fit.txt
17,odisea_c4_016b,True,/home/pnogueira/chewiepoint/bhowmik_2025/bhowmik2025_et_al_plots/src/bhowmik2025plots/input_files/fits_files/ODISEA_C4_016B_frank_model.fits,/home/pnogueira/chewiepoint/bhowmik_2025/bhowmik2025_et_al_plots/src/bhowmik2025plots/input_files/frank_profiles/ODISEA_C4_016B_frank_profile_fit.txt
18,odisea_c4_017,False,/home/pnogueira/chewiepoint/bhowmik_2025/bhowmik2025_et_al_plots/src/bhowmik2025plots/input_files/fits_files/ODISEA_C4_017_all_p0_bigmask.fits,/home/pnogueira/chewiepoint/bhowmik_2025/bhowmik2025_et_al_plots/src/bhowmik2025plots/input_files/frank_profiles/ODISEA_C4_017_frank_profile_fit.txt
19,odisea_c4_017,True,/home/pnogueira/chewiepoint/bhowmik_2025/bhowmik2025_et_al_plots/src/bhowmik2025plots/input_files/fits_files/ODISEA_C4_017_frank_model.fits,/home/pnogueira/chewiepoint/bhowmik_2025/bhowmik2025_et_al_plots/src/bhowmik2025plots/input_files/frank_profiles/ODISEA_C4_017_frank_profile_fit.txt
20,odisea_c4_018,False,/home/pnogueira/chewiepoint/bhowmik_2025/bhowmik2025_et_al_plots/src/bhowmik2025plots/input_files/fits_files/ODISEA_C4_018_all_p0_bigmask.fits,/home/pnogueira/chewiepoint/bhowmik_2025/bhowmik2025_et_al_plots/src/bhowmik2025plots/input_files/frank_profiles/ODISEA_C4_018_frank_profile_fit.txt
21,odisea_c4_018,True,/home/pnogueira/chewiepoint/bhowmik_2025/bhowmik2025_et_al_plots/src/bhowmik2025plots/input_files/fits_files/ODISEA_C4_018_frank_model.fits,/home/pnogueira/chewiepoint/bhowmik_2025/bhowmik2025_et_al_plots/src/bhowmik2025plots/input_files/frank_profiles/ODISEA_C4_018_frank_profile_fit.txt
22,odisea_c4_021,True,/home/pnogueira/chewiepoint/bhowmik_2025/bhowmik2025_et_al_plots/src/bhowmik2025plots/input_files/fits_files/ODISEA_C4_021_frank_model.fits,/home/pnogueira/chewiepoint/bhowmik_2025/bhowmik2025_et_al_plots/src/bhowmik2025plots/input_files/frank_profiles/ODISEA_C4_021_frank_profile_fit.txt
23,odisea_c4_021,False,/home/pnogueira/chewiepoint/bhowmik_2025/bhowmik2025_et_al_plots/src/bhowmik2025plots/input_files/fits_files/ODISEA_C4_021_all_p0_bigmask.fits,/home/pnogueira/chewiepoint/bhowmik_2025/bhowmik2025_et_al_plots/src/bhowmik2025plots/input_files/frank_profiles/ODISEA_C4_021_frank_profile_fit.txt
24,odisea_c4_032,False,/home/pnogueira/chewiepoint/bhowmik_2025/bhowmik2025_et_al_plots/src/bhowmik2025plots/input_files/fits_files/ODISEA_C4_032_all_p0_bigmask.fits,/home/pnogueira/chewiepoint/bhowmik_2025/bhowmik2025_et_al_plots/src/bhowmik2025plots/input_files/frank_profiles/ODISEA_C4_032_frank_profile_fit.txt
25,odisea_c4_032,True,/home/pnogueira/chewiepoint/bhowmik_2025/bhowmik2025_et_al_plots/src/bhowmik2025plots/input_files/fits_files/ODISEA_C4_032_frank_model.fits,/home/pnogueira/chewiepoint/bhowmik_2025/bhowmik2025_et_al_plots/src/bhowmik2025plots/input_files/frank_profiles/ODISEA_C4_032_frank_profile_fit.txt
26,odisea_c4_037a,True,/home/pnogueira/chewiepoint/bhowmik_2025/bhowmik2025_et_al_plots/src/bhowmik2025plots/input_files/fits_files/ODISEA_C4_037A_frank_model.fits,/home/pnogueira/chewiepoint/bhowmik_2025/bhowmik2025_et_al_plots/src/bhowmik2025plots/input_files/frank_profiles/ODISEA_C4_037A_frank_profile_fit.txt
27,odisea_c4_037a,False,/home/pnogueira/chewiepoint/bhowmik_2025/bhowmik2025_et_al_plots/src/bhowmik2025plots/input_files/fits_files/ODISEA_C4_037A_all_p0_bigmask.fits,/home/pnogueira/chewiepoint/bhowmik_2025/bhowmik2025_et_al_plots/src/bhowmik2025plots/input_files/frank_profiles/ODISEA_C4_037A_frank_profile_fit.txt
28,odisea_c4_037b,True,/home/pnogueira/chewiepoint/bhowmik_2025/bhowmik2025_et_al_plots/src/bhowmik2025plots/input_files/fits_files/ODISEA_C4_037B_frank_model.fits,/home/pnogueira/chewiepoint/bhowmik_2025/bhowmik2025_et_al_plots/src/bhowmik2025plots/input_files/frank_profiles/ODISEA_C4_037B_frank_profile_fit.txt
29,odisea_c4_037b,False,/home/pnogueira/chewiepoint/bhowmik_2025/bhowmik2025_et_al_plots/src/bhowmik2025plots/input_files/fits_files/ODISEA_C4_037B_all_p0_bigmask.fits,/home/pnogueira/chewiepoint/bhowmik_2025/bhowmik2025_et_al_plots/src/bhowmik2025plots/input_files/frank_profiles/ODISEA_C4_037B_frank_profile_fit.txt
30,odisea_c4_043,True,/home/pnogueira/chewiepoint/bhowmik_2025/bhowmik2025_et_al_plots/src/bhowmik2025plots/input_files/fits_files/ODISEA_C4_043_frank_model.fits,/home/pnogueira/chewiepoint/bhowmik_2025/bhowmik2025_et_al_plots/src/bhowmik2025plots/input_files/frank_profiles/ODISEA_C4_043_frank_profile_fit.txt
31,odisea_c4_043,False,/home/pnogueira/chewiepoint/bhowmik_2025/bhowmik2025_et_al_plots/src/bhowmik2025plots/input_files/fits_files/ODISEA_C4_043_all_p0_bigmask.fits,/home/pnogueira/chewiepoint/bhowmik_2025/bhowmik2025_et_al_plots/src/bhowmik2025plots/input_files/frank_profiles/ODISEA_C4_043_frank_profile_fit.txt
32,odisea_c4_045,True,/home/pnogueira/chewiepoint/bhowmik_2025/bhowmik2025_et_al_plots/src/bhowmik2025plots/input_files/fits_files/ODISEA_C4_045_frank_model.fits,/home/pnogueira/chewiepoint/bhowmik_2025/bhowmik2025_et_al_plots/src/bhowmik2025plots/input_files/frank_profiles/ODISEA_C4_045_frank_profile_fit.txt
33,odisea_c4_045,False,/home/pnogueira/chewiepoint/bhowmik_2025/bhowmik2025_et_al_plots/src/bhowmik2025plots/input_files/fits_files/ODISEA_C4_045_all_p0_bigmask.fits,/home/pnogueira/chewiepoint/bhowmik_2025/bhowmik2025_et_al_plots/src/bhowmik2025plots/input_files/frank_profiles/ODISEA_C4_045_frank_profile_fit.txt
34,odisea_c4_046,False,/home/pnogueira/chewiepoint/bhowmik_2025/bhowmik2025_et_al_plots/src/bhowmik2025plots/input_files/fits_files/ODISEA_C4_046_all_p0_bigmask.fits,/home/pnogueira/chewiepoint/bhowmik_2025/bhowmik2025_et_al_plots/src/bhowmik2025plots/input_files/frank_profiles/ODISEA_C4_046_frank_profile_fit.txt
35,odisea_c4_046,True,/home/pnogueira/chewiepoint/bhowmik_2025/bhowmik2025_et_al_plots/src/bhowmik2025plots/input_files/fits_files/ODISEA_C4_046_frank_model.fits,/home/pnogueira/chewiepoint/bhowmik_2025/bhowmik2025_et_al_plots/src/bhowmik2025plots/input_files/frank_profiles/ODISEA_C4_046_frank_profile_fit.txt
36,odisea_c4_049,True,/home/pnogueira/chewiepoint/bhowmik_2025/bhowmik2025_et_al_plots/src/bhowmik2025plots/input_files/fits_files/ODISEA_C4_049_frank_model.fits,/home/pnogueira/chewiepoint/bhowmik_2025/bhowmik2025_et_al_plots/src/bhowmik2025plots/input_files/frank_profiles/ODISEA_C4_049_frank_profile_fit.txt
37,odisea_c4_049,False,/home/pnogueira/chewiepoint/bhowmik_2025/bhowmik2025_et_al_plots/src/bhowmik2025plots/input_files/fits_files/ODISEA_C4_049_all_p0_bigmask.fits,/home/pnogueira/chewiepoint/bhowmik_2025/bhowmik2025_et_al_plots/src/bhowmik2025plots/input_files/frank_profiles/ODISEA_C4_049_frank_profile_fit.txt
38,odisea_c4_050a,False,/home/pnogueira/chewiepoint/bhowmik_2025/bhowmik2025_et_al_plots/src/bhowmik2025plots/input_files/fits_files/ODISEA_C4_050A_all_p0_bigmask.fits,/home/pnogueira/chewiepoint/bhowmik_2025/bhowmik2025_et_al_plots/src/bhowmik2025plots/input_files/frank_profiles/ODISEA_C4_050A_frank_profile_fit.txt
39,odisea_c4_050a,True,/home/pnogueira/chewiepoint/bhowmik_2025/bhowmik2025_et_al_plots/src/bhowmik2025plots/input_files/fits_files/ODISEA_C4_050A_frank_model.fits,/home/pnogueira/chewiepoint/bhowmik_2025/bhowmik2025_et_al_plots/src/bhowmik2025plots/input_files/frank_profiles/ODISEA_C4_050A_frank_profile_fit.txt
40,odisea_c4_050b,False,/home/pnogueira/chewiepoint/bhowmik_2025/bhowmik2025_et_al_plots/src/bhowmik2025plots/input_files/fits_files/ODISEA_C4_050B_all_p0_bigmask.fits,/home/pnogueira/chewiepoint/bhowmik_2025/bhowmik2025_et_al_plots/src/bhowmik2025plots/input_files/frank_profiles/ODISEA_C4_050B_frank_profile_fit.txt
41,odisea_c4_050b,True,/home/pnogueira/chewiepoint/bhowmik_2025/bhowmik2025_et_al_plots/src/bhowmik2025plots/input_files/fits_files/ODISEA_C4_050B_frank_model.fits,/home/pnogueira/chewiepoint/bhowmik_2025/bhowmik2025_et_al_plots/src/bhowmik2025plots/input_files/frank_profiles/ODISEA_C4_050B_frank_profile_fit.txt
42,odisea_c4_052,True,/home/pnogueira/chewiepoint/bhowmik_2025/bhowmik2025_et_al_plots/src/bhowmik2025plots/input_files/fits_files/ODISEA_C4_052_frank_model.fits,/home/pnogueira/chewiepoint/bhowmik_2025/bhowmik2025_et_al_plots/src/bhowmik2025plots/input_files/frank_profiles/ODISEA_C4_052_frank_profile_fit.txt
43,odisea_c4_052,False,/home/pnogueira/chewiepoint/bhowmik_2025/bhowmik2025_et_al_plots/src/bhowmik2025plots/input_files/fits_files/ODISEA_C4_052_all_p0_bigmask.fits,/home/pnogueira/chewiepoint/bhowmik_2025/bhowmik2025_et_al_plots/src/bhowmik2025plots/input_files/frank_profiles/ODISEA_C4_052_frank_profile_fit.txt
44,odisea_c4_056,False,/home/pnogueira/chewiepoint/bhowmik_2025/bhowmik2025_et_al_plots/src/bhowmik2025plots/input_files/fits_files/ODISEA_C4_056_all_p0_bigmask.fits,/home/pnogueira/chewiepoint/bhowmik_2025/bhowmik2025_et_al_plots/src/bhowmik2025plots/input_files/frank_profiles/ODISEA_C4_056_frank_profile_fit.txt
45,odisea_c4_056,True,/home/pnogueira/chewiepoint/bhowmik_2025/bhowmik2025_et_al_plots/src/bhowmik2025plots/input_files/fits_files/ODISEA_C4_056_frank_model.fits,/home/pnogueira/chewiepoint/bhowmik_2025/bhowmik2025_et_al_plots/src/bhowmik2025plots/input_files/frank_profiles/ODISEA_C4_056_frank_profile_fit.txt
46,odisea_c4_060,False,/home/pnogueira/chewiepoint/bhowmik_2025/bhowmik2025_et_al_plots/src/bhowmik2025plots/input_files/fits_files/ODISEA_C4_060_all_p0_bigmask.fits,/home/pnogueira/chewiepoint/bhowmik_2025/bhowmik2025_et_al_plots/src/bhowmik2025plots/input_files/frank_profiles/ODISEA_C4_060_frank_profile_fit.txt
47,odisea_c4_060,True,/home/pnogueira/chewiepoint/bhowmik_2025/bhowmik2025_et_al_plots/src/bhowmik2025plots/input_files/fits_files/ODISEA_C4_060_frank_model.fits,/home/pnogueira/chewiepoint/bhowmik_2025/bhowmik2025_et_al_plots/src/bhowmik2025plots/input_files/frank_profiles/ODISEA_C4_060_frank_profile_fit.txt
48,odisea_c4_065,False,/home/pnogueira/chewiepoint/bhowmik_2025/bhowmik2025_et_al_plots/src/bhowmik2025plots/input_files/fits_files/ODISEA_C4_065_all_p0_bigmask.fits,/home/pnogueira/chewiepoint/bhowmik_2025/bhowmik2025_et_al_plots/src/bhowmik2025plots/input_files/frank_profiles/ODISEA_C4_065_frank_profile_fit.txt
49,odisea_c4_065,True,/home/pnogueira/chewiepoint/bhowmik_2025/bhowmik2025_et_al_plots/src/bhowmik2025plots/input_files/fits_files/ODISEA_C4_065_frank_model.fits,/home/pnogueira/chewiepoint/bhowmik_2025/bhowmik2025_et_al_plots/src/bhowmik2025plots/input_files/frank_profiles/ODISEA_C4_065_frank_profile_fit.txt
50,odisea_c4_071,False,/home/pnogueira/chewiepoint/bhowmik_2025/bhowmik2025_et_al_plots/src/bhowmik2025plots/input_files/fits_files/ODISEA_C4_071_all_p0_bigmask.fits,/home/pnogueira/chewiepoint/bhowmik_2025/bhowmik2025_et_al_plots/src/bhowmik2025plots/input_files/frank_profiles/ODISEA_C4_071_frank_profile_fit.txt
51,odisea_c4_071,True,/home/pnogueira/chewiepoint/bhowmik_2025/bhowmik2025_et_al_plots/src/bhowmik2025plots/input_files/fits_files/ODISEA_C4_071_frank_model.fits,/home/pnogueira/chewiepoint/bhowmik_2025/bhowmik2025_et_al_plots/src/bhowmik2025plots/input_files/frank_profiles/ODISEA_C4_071_frank_profile_fit.txt
52,odisea_c4_074,True,/home/pnogueira/chewiepoint/bhowmik_2025/bhowmik2025_et_al_plots/src/bhowmik2025plots/input_files/fits_files/ODISEA_C4_074_frank_model.fits,/home/pnogueira/chewiepoint/bhowmik_2025/bhowmik2025_et_al_plots/src/bhowmik2025plots/input_files/frank_profiles/ODISEA_C4_074_frank_profile_fit.txt
53,odisea_c4_074,False,/home/pnogueira/chewiepoint/bhowmik_2025/bhowmik2025_et_al_plots/src/bhowmik2025plots/input_files/fits_files/ODISEA_C4_074_all_p0_bigmask.fits,/home/pnogueira/chewiepoint/bhowmik_2025/bhowmik2025_et_al_plots/src/bhowmik2025plots/input_files/frank_profiles/ODISEA_C4_074_frank_profile_fit.txt
54,odisea_c4_076,True,/home/pnogueira/chewiepoint/bhowmik_2025/bhowmik2025_et_al_plots/src/bhowmik2025plots/input_files/fits_files/ODISEA_C4_076_frank_model.fits,/home/pnogueira/chewiepoint/bhowmik_2025/bhowmik2025_et_al_plots/src/bhowmik2025plots/input_files/frank_profiles/ODISEA_C4_076_frank_profile_fit.txt
55,odisea_c4_076,False,/home/pnogueira/chewiepoint/bhowmik_2025/bhowmik2025_et_al_plots/src/bhowmik2025plots/input_files/fits_files/ODISEA_C4_076_all_p0_bigmask.fits,/home/pnogueira/chewiepoint/bhowmik_2025/bhowmik2025_et_al_plots/src/bhowmik2025plots/input_files/frank_profiles/ODISEA_C4_076_frank_profile_fit.txt
56,odisea_c4_078a,True,/home/pnogueira/chewiepoint/bhowmik_2025/bhowmik2025_et_al_plots/src/bhowmik2025plots/input_files/fits_files/ODISEA_C4_078A_frank_model.fits,/home/pnogueira/chewiepoint/bhowmik_2025/bhowmik2025_et_al_plots/src/bhowmik2025plots/input_files/frank_profiles/ODISEA_C4_078A_frank_profile_fit.txt
57,odisea_c4_078a,False,/home/pnogueira/chewiepoint/bhowmik_2025/bhowmik2025_et_al_plots/src/bhowmik2025plots/input_files/fits_files/ODISEA_C4_078A_all_p0_bigmask.fits,/home/pnogueira/chewiepoint/bhowmik_2025/bhowmik2025_et_al_plots/src/bhowmik2025plots/input_files/frank_profiles/ODISEA_C4_078A_frank_profile_fit.txt
58,odisea_c4_078b,True,/home/pnogueira/chewiepoint/bhowmik_2025/bhowmik2025_et_al_plots/src/bhowmik2025plots/input_files/fits_files/ODISEA_C4_078B_frank_model.fits,/home/pnogueira/chewiepoint/bhowmik_2025/bhowmik2025_et_al_plots/src/bhowmik2025plots/input_files/frank_profiles/ODISEA_C4_078B_frank_profile_fit.txt
59,odisea_c4_078b,False,/home/pnogueira/chewiepoint/bhowmik_2025/bhowmik2025_et_al_plots/src/bhowmik2025plots/input_files/fits_files/ODISEA_C4_078B_all_p0_bigmask.fits,/home/pnogueira/chewiepoint/bhowmik_2025/bhowmik2025_et_al_plots/src/bhowmik2025plots/input_files/frank_profiles/ODISEA_C4_078B_frank_profile_fit.txt
60,odisea_c4_080,False,/home/pnogueira/chewiepoint/bhowmik_2025/bhowmik2025_et_al_plots/src/bhowmik2025plots/input_files/fits_files/ODISEA_C4_080_all_p0_bigmask.fits,/home/pnogueira/chewiepoint/bhowmik_2025/bhowmik2025_et_al_plots/src/bhowmik2025plots/input_files/frank_profiles/ODISEA_C4_080_frank_profile_fit.txt
61,odisea_c4_080,True,/home/pnogueira/chewiepoint/bhowmik_2025/bhowmik2025_et_al_plots/src/bhowmik2025plots/input_files/fits_files/ODISEA_C4_080_frank_model.fits,/home/pnogueira/chewiepoint/bhowmik_2025/bhowmik2025_et_al_plots/src/bhowmik2025plots/input_files/frank_profiles/ODISEA_C4_080_frank_profile_fit.txt
62,odisea_c4_081,False,/home/pnogueira/chewiepoint/bhowmik_2025/bhowmik2025_et_al_plots/src/bhowmik2025plots/input_files/fits_files/ODISEA_C4_081_all_p0_bigmask.fits,/home/pnogueira/chewiepoint/bhowmik_2025/bhowmik2025_et_al_plots/src/bhowmik2025plots/input_files/frank_profiles/ODISEA_C4_081_frank_profile_fit.txt
63,odisea_c4_081,True,/home/pnogueira/chewiepoint/bhowmik_2025/bhowmik2025_et_al_plots/src/bhowmik2025plots/input_files/fits_files/ODISEA_C4_081_frank_model.fits,/home/pnogueira/chewiepoint/bhowmik_2025/bhowmik2025_et_al_plots/src/bhowmik2025plots/input_files/frank_profiles/ODISEA_C4_081_frank_profile_fit.txt
64,odisea_c4_082a,True,/home/pnogueira/chewiepoint/bhowmik_2025/bhowmik2025_et_al_plots/src/bhowmik2025plots/input_files/fits_files/ODISEA_C4_082A_frank_model.fits,/home/pnogueira/chewiepoint/bhowmik_2025/bhowmik2025_et_al_plots/src/bhowmik2025plots/input_files/frank_profiles/ODISEA_C4_082A_frank_profile_fit.txt
65,odisea_c4_082a,False,/home/pnogueira/chewiepoint/bhowmik_2025/bhowmik2025_et_al_plots/src/bhowmik2025plots/input_files/fits_files/ODISEA_C4_082A_all_p0_bigmask.fits,/home/pnogueira/chewiepoint/bhowmik_2025/bhowmik2025_et_al_plots/src/bhowmik2025plots/input_files/frank_profiles/ODISEA_C4_082A_frank_profile_fit.txt
66,odisea_c4_086,False,/home/pnogueira/chewiepoint/bhowmik_2025/bhowmik2025_et_al_plots/src/bhowmik2025plots/input_files/fits_files/ODISEA_C4_086_all_p0_bigmask.fits,/home/pnogueira/chewiepoint/bhowmik_2025/bhowmik2025_et_al_plots/src/bhowmik2025plots/input_files/frank_profiles/ODISEA_C4_086_frank_profile_fit.txt
67,odisea_c4_086,True,/home/pnogueira/chewiepoint/bhowmik_2025/bhowmik2025_et_al_plots/src/bhowmik2025plots/input_files/fits_files/ODISEA_C4_086_frank_model.fits,/home/pnogueira/chewiepoint/bhowmik_2025/bhowmik2025_et_al_plots/src/bhowmik2025plots/input_files/frank_profiles/ODISEA_C4_086_frank_profile_fit.txt
68,odisea_c4_087,True,/home/pnogueira/chewiepoint/bhowmik_2025/bhowmik2025_et_al_plots/src/bhowmik2025plots/input_files/fits_files/ODISEA_C4_087_frank_model.fits,/home/pnogueira/chewiepoint/bhowmik_2025/bhowmik2025_et_al_plots/src/bhowmik2025plots/input_files/frank_profiles/ODISEA_C4_087_frank_profile_fit.txt
69,odisea_c4_087,False,/home/pnogueira/chewiepoint/bhowmik_2025/bhowmik2025_et_al_plots/src/bhowmik2025plots/input_files/fits_files/ODISEA_C4_087_all_p0_bigmask.fits,/home/pnogueira/chewiepoint/bhowmik_2025/bhowmik2025_et_al_plots/src/bhowmik2025plots/input_files/frank_profiles/ODISEA_C4_087_frank_profile_fit.txt
70,odisea_c4_090,False,/home/pnogueira/chewiepoint/bhowmik_2025/bhowmik2025_et_al_plots/src/bhowmik2025plots/input_files/fits_files/ODISEA_C4_090_all_p0_bigmask.fits,/home/pnogueira/chewiepoint/bhowmik_2025/bhowmik2025_et_al_plots/src/bhowmik2025plots/input_files/frank_profiles/ODISEA_C4_090_frank_profile_fit.txt
71,odisea_c4_090,True,/home/pnogueira/chewiepoint/bhowmik_2025/bhowmik2025_et_al_plots/src/bhowmik2025plots/input_files/fits_files/ODISEA_C4_090_frank_model.fits,/home/pnogueira/chewiepoint/bhowmik_2025/bhowmik2025_et_al_plots/src/bhowmik2025plots/input_files/frank_profiles/ODISEA_C4_090_frank_profile_fit.txt
72,odisea_c4_094a,False,/home/pnogueira/chewiepoint/bhowmik_2025/bhowmik2025_et_al_plots/src/bhowmik2025plots/input_files/fits_files/ODISEA_C4_094A_all_p0_bigmask.fits,/home/pnogueira/chewiepoint/bhowmik_2025/bhowmik2025_et_al_plots/src/bhowmik2025plots/input_files/frank_profiles/ODISEA_C4_094A_frank_profile_fit.txt
73,odisea_c4_094a,True,/home/pnogueira/chewiepoint/bhowmik_2025/bhowmik2025_et_al_plots/src/bhowmik2025plots/input_files/fits_files/ODISEA_C4_094A_frank_model.fits,/home/pnogueira/chewiepoint/bhowmik_2025/bhowmik2025_et_al_plots/src/bhowmik2025plots/input_files/frank_profiles/ODISEA_C4_094A_frank_profile_fit.txt
74,odisea_c4_094b,False,/home/pnogueira/chewiepoint/bhowmik_2025/bhowmik2025_et_al_plots/src/bhowmik2025plots/input_files/fits_files/ODISEA_C4_094B_all_p0_bigmask.fits,/home/pnogueira/chewiepoint/bhowmik_2025/bhowmik2025_et_al_plots/src/bhowmik2025plots/input_files/frank_profiles/ODISEA_C4_094B_frank_profile_fit.txt
75,odisea_c4_094b,True,/home/pnogueira/chewiepoint/bhowmik_2025/bhowmik2025_et_al_plots/src/bhowmik2025plots/input_files/fits_files/ODISEA_C4_094B_frank_model.fits,/home/pnogueira/chewiepoint/bhowmik_2025/bhowmik2025_et_al_plots/src/bhowmik2025plots/input_files/frank_profiles/ODISEA_C4_094B_frank_profile_fit.txt
76,odisea_c4_097,True,/home/pnogueira/chewiepoint/bhowmik_2025/bhowmik2025_et_al_plots/src/bhowmik2025plots/input_files/fits_files/ODISEA_C4_097_frank_model.fits,/home/pnogueira/chewiepoint/bhowmik_2025/bhowmik2025_et_al_plots/src/bhowmik2025plots/input_files/frank_profiles/ODISEA_C4_097_frank_profile_fit.txt
77,odisea_c4_097,False,/home/pnogueira/chewiepoint/bhowmik_2025/bhowmik2025_et_al_plots/src/bhowmik2025plots/input_files/fits_files/ODISEA_C4_097_all_p0_bigmask.fits,/home/pnogueira/chewiepoint/bhowmik_2025/bhowmik2025_et_al_plots/src/bhowmik2025plots/input_files/frank_profiles/ODISEA_C4_097_frank_profile_fit.txt
78,odisea_c4_099,True,/home/pnogueira/chewiepoint/bhowmik_2025/bhowmik2025_et_al_plots/src/bhowmik2025plots/input_files/fits_files/ODISEA_C4_099_frank_model.fits,/home/pnogueira/chewiepoint/bhowmik_2025/bhowmik2025_et_al_plots/src/bhowmik2025plots/input_files/frank_profiles/ODISEA_C4_099_frank_profile_fit.txt
79,odisea_c4_099,False,/home/pnogueira/chewiepoint/bhowmik_2025/bhowmik2025_et_al_plots/src/bhowmik2025plots/input_files/fits_files/ODISEA_C4_099_all_p0_bigmask.fits,/home/pnogueira/chewiepoint/bhowmik_2025/bhowmik2025_et_al_plots/src/bhowmik2025plots/input_files/frank_profiles/ODISEA_C4_099_frank_profile_fit.txt
80,odisea_c4_100,False,/home/pnogueira/chewiepoint/bhowmik_2025/bhowmik2025_et_al_plots/src/bhowmik2025plots/input_files/fits_files/ODISEA_C4_100_all_p0_bigmask.fits,/home/pnogueira/chewiepoint/bhowmik_2025/bhowmik2025_et_al_plots/src/bhowmik2025plots/input_files/frank_profiles/ODISEA_C4_100_frank_profile_fit.txt
81,odisea_c4_100,True,/home/pnogueira/chewiepoint/bhowmik_2025/bhowmik2025_et_al_plots/src/bhowmik2025plots/input_files/fits_files/ODISEA_C4_100_frank_model.fits,/home/pnogueira/chewiepoint/bhowmik_2025/bhowmik2025_et_al_plots/src/bhowmik2025plots/input_files/frank_profiles/ODISEA_C4_100_frank_profile_fit.txt
82,odisea_c4_101,False,/home/pnogueira/chewiepoint/bhowmik_2025/bhowmik2025_et_al_plots/src/bhowmik2025plots/input_files/fits_files/ODISEA_C4_101_all_p0_bigmask.fits,/home/pnogueira/chewiepoint/bhowmik_2025/bhowmik2025_et_al_plots/src/bhowmik2025plots/input_files/frank_profiles/ODISEA_C4_101_frank_profile_fit.txt
83,odisea_c4_101,True,/home/pnogueira/chewiepoint/bhowmik_2025/bhowmik2025_et_al_plots/src/bhowmik2025plots/input_files/fits_files/ODISEA_C4_101_frank_model.fits,/home/pnogueira/chewiepoint/bhowmik_2025/bhowmik2025_et_al_plots/src/bhowmik2025plots/input_files/frank_profiles/ODISEA_C4_101_frank_profile_fit.txt
84,odisea_c4_102,False,/home/pnogueira/chewiepoint/bhowmik_2025/bhowmik2025_et_al_plots/src/bhowmik2025plots/input_files/fits_files/ODISEA_C4_102_all_p0_bigmask.fits,/home/pnogueira/chewiepoint/bhowmik_2025/bhowmik2025_et_al_plots/src/bhowmik2025plots/input_files/frank_profiles/ODISEA_C4_102_frank_profile_fit.txt
85,odisea_c4_102,True,/home/pnogueira/chewiepoint/bhowmik_2025/bhowmik2025_et_al_plots/src/bhowmik2025plots/input_files/fits_files/ODISEA_C4_102_frank_model.fits,/home/pnogueira/chewiepoint/bhowmik_2025/bhowmik2025_et_al_plots/src/bhowmik2025plots/input_files/frank_profiles/ODISEA_C4_102_frank_profile_fit.txt
86,odisea_c4_103,True,/home/pnogueira/chewiepoint/bhowmik_2025/bhowmik2025_et_al_plots/src/bhowmik2025plots/input_files/fits_files/ODISEA_C4_103_frank_model.fits,/home/pnogueira/chewiepoint/bhowmik_2025/bhowmik2025_et_al_plots/src/bhowmik2025plots/input_files/frank_profiles/ODISEA_C4_103_frank_profile_fit.txt
87,odisea_c4_103,False,/home/pnogueira/chewiepoint/bhowmik_2025/bhowmik2025_et_al_plots/src/bhowmik2025plots/input_files/fits_files/ODISEA_C4_103_all_p0_bigmask.fits,/home/pnogueira/chewiepoint/bhowmik_2025/bhowmik2025_et_al_plots/src/bhowmik2025plots/input_files/frank_profiles/ODISEA_C4_103_frank_profile_fit.txt
88,odisea_c4_104,False,/home/pnogueira/chewiepoint/bhowmik_2025/bhowmik2025_et_al_plots/src/bhowmik2025plots/input_files/fits_files/ODISEA_C4_104_all_p0_bigmask.fits,/home/pnogueira/chewiepoint/bhowmik_2025/bhowmik2025_et_al_plots/src/bhowmik2025plots/input_files/frank_profiles/ODISEA_C4_104_frank_profile_fit.txt
89,odisea_c4_104,True,/home/pnogueira/chewiepoint/bhowmik_2025/bhowmik2025_et_al_plots/src/bhowmik2025plots/input_files/fits_files/ODISEA_C4_104_frank_model.fits,/home/pnogueira/chewiepoint/bhowmik_2025/bhowmik2025_et_al_plots/src/bhowmik2025plots/input_files/frank_profiles/ODISEA_C4_104_frank_profile_fit.txt
90,odisea_c4_105a,True,/home/pnogueira/chewiepoint/bhowmik_2025/bhowmik2025_et_al_plots/src/bhowmik2025plots/input_files/fits_files/ODISEA_C4_105A_frank_model.fits,/home/pnogueira/chewiepoint/bhowmik_2025/bhowmik2025_et_al_plots/src/bhowmik2025plots/input_files/frank_profiles/ODISEA_C4_105A_frank_profile_fit.txt
91,odisea_c4_105a,False,/home/pnogueira/chewiepoint/bhowmik_2025/bhowmik2025_et_al_plots/src/bhowmik2025plots/input_files/fits_files/ODISEA_C4_105A_all_p0_bigmask.fits,/home/pnogueira/chewiepoint/bhowmik_2025/bhowmik2025_et_al_plots/src/bhowmik2025plots/input_files/frank_profiles/ODISEA_C4_105A_frank_profile_fit.txt
92,odisea_c4_105b,True,/home/pnogueira/chewiepoint/bhowmik_2025/bhowmik2025_et_al_plots/src/bhowmik2025plots/input_files/fits_files/ODISEA_C4_105B_frank_model.fits,/home/pnogueira/chewiepoint/bhowmik_2025/bhowmik2025_et_al_plots/src/bhowmik2025plots/input_files/frank_profiles/ODISEA_C4_105B_frank_profile_fit.txt
93,odisea_c4_105b,False,/home/pnogueira/chewiepoint/bhowmik_2025/bhowmik2025_et_al_plots/src/bhowmik2025plots/input_files/fits_files/ODISEA_C4_105B_all_p0_bigmask.fits,/home/pnogueira/chewiepoint/bhowmik_2025/bhowmik2025_et_al_plots/src/bhowmik2025plots/input_files/frank_profiles/ODISEA_C4_105B_frank_profile_fit.txt
94,odisea_c4_106a,True,/home/pnogueira/chewiepoint/bhowmik_2025/bhowmik2025_et_al_plots/src/bhowmik2025plots/input_files/fits_files/ODISEA_C4_106A_frank_model.fits,/home/pnogueira/chewiepoint/bhowmik_2025/bhowmik2025_et_al_plots/src/bhowmik2025plots/input_files/frank_profiles/ODISEA_C4_106A_frank_profile_fit.txt
95,odisea_c4_106a,False,/home/pnogueira/chewiepoint/bhowmik_2025/bhowmik2025_et_al_plots/src/bhowmik2025plots/input_files/fits_files/ODISEA_C4_106A_all_p0_bigmask.fits,/home/pnogueira/chewiepoint/bhowmik_2025/bhowmik2025_et_al_plots/src/bhowmik2025plots/input_files/frank_profiles/ODISEA_C4_106A_frank_profile_fit.txt
96,odisea_c4_106b,True,/home/pnogueira/chewiepoint/bhowmik_2025/bhowmik2025_et_al_plots/src/bhowmik2025plots/input_files/fits_files/ODISEA_C4_106B_frank_model.fits,/home/pnogueira/chewiepoint/bhowmik_2025/bhowmik2025_et_al_plots/src/bhowmik2025plots/input_files/frank_profiles/ODISEA_C4_106B_frank_profile_fit.txt
97,odisea_c4_106b,False,/home/pnogueira/chewiepoint/bhowmik_2025/bhowmik2025_et_al_plots/src/bhowmik2025plots/input_files/fits_files/ODISEA_C4_106B_all_p0_bigmask.fits,/home/pnogueira/chewiepoint/bhowmik_2025/bhowmik2025_et_al_plots/src/bhowmik2025plots/input_files/frank_profiles/ODISEA_C4_106B_frank_profile_fit.txt
98,odisea_c4_107,True,/home/pnogueira/chewiepoint/bhowmik_2025/bhowmik2025_et_al_plots/src/bhowmik2025plots/input_files/fits_files/ODISEA_C4_107_frank_model.fits,/home/pnogueira/chewiepoint/bhowmik_2025/bhowmik2025_et_al_plots/src/bhowmik2025plots/input_files/frank_profiles/ODISEA_C4_107_frank_profile_fit.txt
99,odisea_c4_107,False,/home/pnogueira/chewiepoint/bhowmik_2025/bhowmik2025_et_al_plots/src/bhowmik2025plots/input_files/fits_files/ODISEA_C4_107_all_p0_bigmask.fits,/home/pnogueira/chewiepoint/bhowmik_2025/bhowmik2025_et_al_plots/src/bhowmik2025plots/input_files/frank_profiles/ODISEA_C4_107_frank_profile_fit.txt
100,odisea_c4_114,False,/home/pnogueira/chewiepoint/bhowmik_2025/bhowmik2025_et_al_plots/src/bhowmik2025plots/input_files/fits_files/ODISEA_C4_114_all_p0_bigmask.fits,/home/pnogueira/chewiepoint/bhowmik_2025/bhowmik2025_et_al_plots/src/bhowmik2025plots/input_files/frank_profiles/ODISEA_C4_114_frank_profile_fit.txt
101,odisea_c4_114,True,/home/pnogueira/chewiepoint/bhowmik_2025/bhowmik2025_et_al_plots/src/bhowmik2025plots/input_files/fits_files/ODISEA_C4_114_frank_model.fits,/home/pnogueira/chewiepoint/bhowmik_2025/bhowmik2025_et_al_plots/src/bhowmik2025plots/input_files/frank_profiles/ODISEA_C4_114_frank_profile_fit.txt
102,odisea_c4_116,False,/home/pnogueira/chewiepoint/bhowmik_2025/bhowmik2025_et_al_plots/src/bhowmik2025plots/input_files/fits_files/ODISEA_C4_116_all_p0_bigmask.fits,/home/pnogueira/chewiepoint/bhowmik_2025/bhowmik2025_et_al_plots/src/bhowmik2025plots/input_files/frank_profiles/ODISEA_C4_116_frank_profile_fit.txt
103,odisea_c4_116,True,/home/pnogueira/chewiepoint/bhowmik_2025/bhowmik2025_et_al_plots/src/bhowmik2025plots/input_files/fits_files/ODISEA_C4_116_frank_model.fits,/home/pnogueira/chewiepoint/bhowmik_2025/bhowmik2025_et_al_plots/src/bhowmik2025plots/input_files/frank_profiles/ODISEA_C4_116_frank_profile_fit.txt
104,odisea_c4_117a,True,/home/pnogueira/chewiepoint/bhowmik_2025/bhowmik2025_et_al_plots/src/bhowmik2025plots/input_files/fits_files/ODISEA_C4_117A_frank_model.fits,/home/pnogueira/chewiepoint/bhowmik_2025/bhowmik2025_et_al_plots/src/bhowmik2025plots/input_files/frank_profiles/ODISEA_C4_117A_frank_profile_fit.txt
105,odisea_c4_117a,False,/home/pnogueira/chewiepoint/bhowmik_2025/bhowmik2025_et_al_plots/src/bhowmik2025plots/input_files/fits_files/ODISEA_C4_117A_all_p0_bigmask.fits,/home/pnogueira/chewiepoint/bhowmik_2025/bhowmik2025_et_al_plots/src/bhowmik2025plots/input_files/frank_profiles/ODISEA_C4_117A_frank_profile_fit.txt
106,odisea_c4_118,True,/home/pnogueira/chewiepoint/bhowmik_2025/bhowmik2025_et_al_plots/src/bhowmik2025plots/input_files/fits_files/ODISEA_C4_118_frank_model.fits,/home/pnogueira/chewiepoint/bhowmik_2025/bhowmik2025_et_al_plots/src/bhowmik2025plots/input_files/frank_profiles/ODISEA_C4_118_frank_profile_fit.txt
107,odisea_c4_118,False,/home/pnogueira/chewiepoint/bhowmik_2025/bhowmik2025_et_al_plots/src/bhowmik2025plots/input_files/fits_files/ODISEA_C4_118_all_p0_bigmask.fits,/home/pnogueira/chewiepoint/bhowmik_2025/bhowmik2025_et_al_plots/src/bhowmik2025plots/input_files/frank_profiles/ODISEA_C4_118_frank_profile_fit.txt
108,odisea_c4_12,False,/home/pnogueira/chewiepoint/bhowmik_2025/bhowmik2025_et_al_plots/src/bhowmik2025plots/input_files/fits_files/ODISEA_C4_12_all_p0_bigmask.fits,/home/pnogueira/chewiepoint/bhowmik_2025/bhowmik2025_et_al_plots/src/bhowmik2025plots/input_files/frank_profiles/ODISEA_C4_12_frank_profile_fit.txt
109,odisea_c4_12,True,/home/pnogueira/chewiepoint/bhowmik_2025/bhowmik2025_et_al_plots/src/bhowmik2025plots/input_files/fits_files/ODISEA_C4_12_frank_model.fits,/home/pnogueira/chewiepoint/bhowmik_2025/bhowmik2025_et_al_plots/src/bhowmik2025plots/input_files/frank_profiles/ODISEA_C4_12_frank_profile_fit.txt
110,odisea_c4_121,True,/home/pnogueira/chewiepoint/bhowmik_2025/bhowmik2025_et_al_plots/src/bhowmik2025plots/input_files/fits_files/ODISEA_C4_121_frank_model.fits,/home/pnogueira/chewiepoint/bhowmik_2025/bhowmik2025_et_al_plots/src/bhowmik2025plots/input_files/frank_profiles/ODISEA_C4_121_frank_profile_fit.txt
111,odisea_c4_121,False,/home/pnogueira/chewiepoint/bhowmik_2025/bhowmik2025_et_al_plots/src/bhowmik2025plots/input_files/fits_files/ODISEA_C4_121_all_p0_bigmask.fits,/home/pnogueira/chewiepoint/bhowmik_2025/bhowmik2025_et_al_plots/src/bhowmik2025plots/input_files/frank_profiles/ODISEA_C4_121_frank_profile_fit.txt
112,odisea_c4_125a,True,/home/pnogueira/chewiepoint/bhowmik_2025/bhowmik2025_et_al_plots/src/bhowmik2025plots/input_files/fits_files/ODISEA_C4_125A_frank_model.fits,/home/pnogueira/chewiepoint/bhowmik_2025/bhowmik2025_et_al_plots/src/bhowmik2025plots/input_files/frank_profiles/ODISEA_C4_125A_frank_profile_fit.txt
113,odisea_c4_125a,False,/home/pnogueira/chewiepoint/bhowmik_2025/bhowmik2025_et_al_plots/src/bhowmik2025plots/input_files/fits_files/ODISEA_C4_125A_all_p0_bigmask.fits,/home/pnogueira/chewiepoint/bhowmik_2025/bhowmik2025_et_al_plots/src/bhowmik2025plots/input_files/frank_profiles/ODISEA_C4_125A_frank_profile_fit.txt
114,odisea_c4_125b,True,/home/pnogueira/chewiepoint/bhowmik_2025/bhowmik2025_et_al_plots/src/bhowmik2025plots/input_files/fits_files/ODISEA_C4_125B_frank_model.fits,/home/pnogueira/chewiepoint/bhowmik_2025/bhowmik2025_et_al_plots/src/bhowmik2025plots/input_files/frank_profiles/ODISEA_C4_125B_frank_profile_fit.txt
115,odisea_c4_125b,False,/home/pnogueira/chewiepoint/bhowmik_2025/bhowmik2025_et_al_plots/src/bhowmik2025plots/input_files/fits_files/ODISEA_C4_125B_all_p0_bigmask.fits,/home/pnogueira/chewiepoint/bhowmik_2025/bhowmik2025_et_al_plots/src/bhowmik2025plots/input_files/frank_profiles/ODISEA_C4_125B_frank_profile_fit.txt
116,odisea_c4_126,True,/home/pnogueira/chewiepoint/bhowmik_2025/bhowmik2025_et_al_plots/src/bhowmik2025plots/input_files/fits_files/ODISEA_C4_126_frank_model.fits,/home/pnogueira/chewiepoint/bhowmik_2025/bhowmik2025_et_al_plots/src/bhowmik2025plots/input_files/frank_profiles/ODISEA_C4_126_frank_profile_fit.txt
117,odisea_c4_126,False,/home/pnogueira/chewiepoint/bhowmik_2025/bhowmik2025_et_al_plots/src/bhowmik2025plots/input_files/fits_files/ODISEA_C4_126_all_p0_bigmask.fits,/home/pnogueira/chewiepoint/bhowmik_2025/bhowmik2025_et_al_plots/src/bhowmik2025plots/input_files/frank_profiles/ODISEA_C4_126_frank_profile_fit.txt
118,odisea_c4_127,False,/home/pnogueira/chewiepoint/bhowmik_2025/bhowmik2025_et_al_plots/src/bhowmik2025plots/input_files/fits_files/ODISEA_C4_127_all_p0_bigmask.fits,/home/pnogueira/chewiepoint/bhowmik_2025/bhowmik2025_et_al_plots/src/bhowmik2025plots/input_files/frank_profiles/ODISEA_C4_127_frank_profile_fit.txt
119,odisea_c4_127,True,/home/pnogueira/chewiepoint/bhowmik_2025/bhowmik2025_et_al_plots/src/bhowmik2025plots/input_files/fits_files/ODISEA_C4_127_frank_model.fits,/home/pnogueira/chewiepoint/bhowmik_2025/bhowmik2025_et_al_plots/src/bhowmik2025plots/input_files/frank_profiles/ODISEA_C4_127_frank_profile_fit.txt
120,odisea_c4_130,False,/home/pnogueira/chewiepoint/bhowmik_2025/bhowmik2025_et_al_plots/src/bhowmik2025plots/input_files/fits_files/ODISEA_C4_130_all_p0_bigmask.fits,/home/pnogueira/chewiepoint/bhowmik_2025/bhowmik2025_et_al_plots/src/bhowmik2025plots/input_files/frank_profiles/ODISEA_C4_130_frank_profile_fit.txt
121,odisea_c4_130,True,/home/pnogueira/chewiepoint/bhowmik_2025/bhowmik2025_et_al_plots/src/bhowmik2025plots/input_files/fits_files/ODISEA_C4_130_frank_model.fits,/home/pnogueira/chewiepoint/bhowmik_2025/bhowmik2025_et_al_plots/src/bhowmik2025plots/input_files/frank_profiles/ODISEA_C4_130_frank_profile_fit.txt
122,odisea_c4_131,True,/home/pnogueira/chewiepoint/bhowmik_2025/bhowmik2025_et_al_plots/src/bhowmik2025plots/input_files/fits_files/ODISEA_C4_131_frank_model.fits,/home/pnogueira/chewiepoint/bhowmik_2025/bhowmik2025_et_al_plots/src/bhowmik2025plots/input_files/frank_profiles/ODISEA_C4_131_frank_profile_fit.txt
123,odisea_c4_131,False,/home/pnogueira/chewiepoint/bhowmik_2025/bhowmik2025_et_al_plots/src/bhowmik2025plots/input_files/fits_files/ODISEA_C4_131_all_p0_bigmask.fits,/home/pnogueira/chewiepoint/bhowmik_2025/bhowmik2025_et_al_plots/src/bhowmik2025plots/input_files/frank_profiles/ODISEA_C4_131_frank_profile_fit.txt
124,odisea_c4_132,True,/home/pnogueira/chewiepoint/bhowmik_2025/bhowmik2025_et_al_plots/src/bhowmik2025plots/input_files/fits_files/ODISEA_C4_132_frank_model.fits,/home/pnogueira/chewiepoint/bhowmik_2025/bhowmik2025_et_al_plots/src/bhowmik2025plots/input_files/frank_profiles/ODISEA_C4_132_frank_profile_fit.txt
125,odisea_c4_132,False,/home/pnogueira/chewiepoint/bhowmik_2025/bhowmik2025_et_al_plots/src/bhowmik2025plots/input_files/fits_files/ODISEA_C4_132_all_p0_bigmask.fits,/home/pnogueira/chewiepoint/bhowmik_2025/bhowmik2025_et_al_plots/src/bhowmik2025plots/input_files/frank_profiles/ODISEA_C4_132_frank_profile_fit.txt
126,odisea_c4_133,True,/home/pnogueira/chewiepoint/bhowmik_2025/bhowmik2025_et_al_plots/src/bhowmik2025plots/input_files/fits_files/ODISEA_C4_133_frank_model.fits,/home/pnogueira/chewiepoint/bhowmik_2025/bhowmik2025_et_al_plots/src/bhowmik2025plots/input_files/frank_profiles/ODISEA_C4_133_frank_profile_fit.txt
127,odisea_c4_133,False,/home/pnogueira/chewiepoint/bhowmik_2025/bhowmik2025_et_al_plots/src/bhowmik2025plots/input_files/fits_files/ODISEA_C4_133_all_p0_bigmask.fits,/home/pnogueira/chewiepoint/bhowmik_2025/bhowmik2025_et_al_plots/src/bhowmik2025plots/input_files/frank_profiles/ODISEA_C4_133_frank_profile_fit.txt
128,odisea_c4_134a,False,/home/pnogueira/chewiepoint/bhowmik_2025/bhowmik2025_et_al_plots/src/bhowmik2025plots/input_files/fits_files/ODISEA_C4_134A_all_p0_bigmask.fits,/home/pnogueira/chewiepoint/bhowmik_2025/bhowmik2025_et_al_plots/src/bhowmik2025plots/input_files/frank_profiles/ODISEA_C4_134A_frank_profile_fit.txt
129,odisea_c4_134a,True,/home/pnogueira/chewiepoint/bhowmik_2025/bhowmik2025_et_al_plots/src/bhowmik2025plots/input_files/fits_files/ODISEA_C4_134A_frank_model.fits,/home/pnogueira/chewiepoint/bhowmik_2025/bhowmik2025_et_al_plots/src/bhowmik2025plots/input_files/frank_profiles/ODISEA_C4_134A_frank_profile_fit.txt
130,odisea_c4_134b,False,/home/pnogueira/chewiepoint/bhowmik_2025/bhowmik2025_et_al_plots/src/bhowmik2025plots/input_files/fits_files/ODISEA_C4_134B_all_p0_bigmask.fits,/home/pnogueira/chewiepoint/bhowmik_2025/bhowmik2025_et_al_plots/src/bhowmik2025plots/input_files/frank_profiles/ODISEA_C4_134B_frank_profile_fit.txt
131,odisea_c4_134b,True,/home/pnogueira/chewiepoint/bhowmik_2025/bhowmik2025_et_al_plots/src/bhowmik2025plots/input_files/fits_files/ODISEA_C4_134B_frank_model.fits,/home/pnogueira/chewiepoint/bhowmik_2025/bhowmik2025_et_al_plots/src/bhowmik2025plots/input_files/frank_profiles/ODISEA_C4_134B_frank_profile_fit.txt
132,odisea_c4_139,True,/home/pnogueira/chewiepoint/bhowmik_2025/bhowmik2025_et_al_plots/src/bhowmik2025plots/input_files/fits_files/ODISEA_C4_139_frank_model.fits,/home/pnogueira/chewiepoint/bhowmik_2025/bhowmik2025_et_al_plots/src/bhowmik2025plots/input_files/frank_profiles/ODISEA_C4_139_frank_profile_fit.txt
133,odisea_c4_139,False,/home/pnogueira/chewiepoint/bhowmik_2025/bhowmik2025_et_al_plots/src/bhowmik2025plots/input_files/fits_files/ODISEA_C4_139_all_p0_bigmask.fits,/home/pnogueira/chewiepoint/bhowmik_2025/bhowmik2025_et_al_plots/src/bhowmik2025plots/input_files/frank_profiles/ODISEA_C4_139_frank_profile_fit.txt
134,odisea_c4_141,True,/home/pnogueira/chewiepoint/bhowmik_2025/bhowmik2025_et_al_plots/src/bhowmik2025plots/input_files/fits_files/ODISEA_C4_141_frank_model.fits,/home/pnogueira/chewiepoint/bhowmik_2025/bhowmik2025_et_al_plots/src/bhowmik2025plots/input_files/frank_profiles/ODISEA_C4_141_frank_profile_fit.txt
135,odisea_c4_141,False,/home/pnogueira/chewiepoint/bhowmik_2025/bhowmik2025_et_al_plots/src/bhowmik2025plots/input_files/fits_files/ODISEA_C4_141_all_p0_bigmask.fits,/home/pnogueira/chewiepoint/bhowmik_2025/bhowmik2025_et_al_plots/src/bhowmik2025plots/input_files/frank_profiles/ODISEA_C4_141_frank_profile_fit.txt
136,odisea_c4_143,False,/home/pnogueira/chewiepoint/bhowmik_2025/bhowmik2025_et_al_plots/src/bhowmik2025plots/input_files/fits_files/ODISEA_C4_143_all_p0_bigmask.fits,/home/pnogueira/chewiepoint/bhowmik_2025/bhowmik2025_et_al_plots/src/bhowmik2025plots/input_files/frank_profiles/ODISEA_C4_143_frank_profile_fit.txt
137,odisea_c4_143,True,/home/pnogueira/chewiepoint/bhowmik_2025/bhowmik2025_et_al_plots/src/bhowmik2025plots/input_files/fits_files/ODISEA_C4_143_frank_model.fits,/home/pnogueira/chewiepoint/bhowmik_2025/bhowmik2025_et_al_plots/src/bhowmik2025plots/input_files/frank_profiles/ODISEA_C4_143_frank_profile_fit.txt
138,odisea_c4_144,True,/home/pnogueira/chewiepoint/bhowmik_2025/bhowmik2025_et_al_plots/src/bhowmik2025plots/input_files/fits_files/ODISEA_C4_144_frank_model.fits,/home/pnogueira/chewiepoint/bhowmik_2025/bhowmik2025_et_al_plots/src/bhowmik2025plots/input_files/frank_profiles/ODISEA_C4_144_frank_profile_fit.txt
139,odisea_c4_144,False,/home/pnogueira/chewiepoint/bhowmik_2025/bhowmik2025_et_al_plots/src/bhowmik2025plots/input_files/fits_files/ODISEA_C4_144_all_p0_bigmask.fits,/home/pnogueira/chewiepoint/bhowmik_2025/bhowmik2025_et_al_plots/src/bhowmik2025plots/input_files/frank_profiles/ODISEA_C4_144_frank_profile_fit.txt
140,odisea_c4_22ab,True,/home/pnogueira/chewiepoint/bhowmik_2025/bhowmik2025_et_al_plots/src/bhowmik2025plots/input_files/fits_files/ODISEA_C4_22AB_frank_model.fits,/home/pnogueira/chewiepoint/bhowmik_2025/bhowmik2025_et_al_plots/src/bhowmik2025plots/input_files/frank_profiles/ODISEA_C4_22AB_frank_profile_fit.txt
141,odisea_c4_22ab,False,/home/pnogueira/chewiepoint/bhowmik_2025/bhowmik2025_et_al_plots/src/bhowmik2025plots/input_files/fits_files/ODISEA_C4_22AB_all_p0_bigmask.fits,/home/pnogueira/chewiepoint/bhowmik_2025/bhowmik2025_et_al_plots/src/bhowmik2025plots/input_files/frank_profiles/ODISEA_C4_22AB_frank_profile_fit.txt
142,odisea_c4_26,True,/home/pnogueira/chewiepoint/bhowmik_2025/bhowmik2025_et_al_plots/src/bhowmik2025plots/input_files/fits_files/ODISEA_C4_26_frank_model.fits,/home/pnogueira/chewiepoint/bhowmik_2025/bhowmik2025_et_al_plots/src/bhowmik2025plots/input_files/frank_profiles/ODISEA_C4_26_frank_profile_fit.txt
143,odisea_c4_26,False,/home/pnogueira/chewiepoint/bhowmik_2025/bhowmik2025_et_al_plots/src/bhowmik2025plots/input_files/fits_files/ODISEA_C4_26_all_p0_bigmask.fits,/home/pnogueira/chewiepoint/bhowmik_2025/bhowmik2025_et_al_plots/src/bhowmik2025plots/input_files/frank_profiles/ODISEA_C4_26_frank_profile_fit.txt
144,odisea_c4_27,False,/home/pnogueira/chewiepoint/bhowmik_2025/bhowmik2025_et_al_plots/src/bhowmik2025plots/input_files/fits_files/ODISEA_C4_27_all_p0_bigmask.fits,/home/pnogueira/chewiepoint/bhowmik_2025/bhowmik2025_et_al_plots/src/bhowmik2025plots/input_files/frank_profiles/ODISEA_C4_27_frank_profile_fit.txt
145,odisea_c4_27,True,/home/pnogueira/chewiepoint/bhowmik_2025/bhowmik2025_et_al_plots/src/bhowmik2025plots/input_files/fits_files/ODISEA_C4_27_frank_model.fits,/home/pnogueira/chewiepoint/bhowmik_2025/bhowmik2025_et_al_plots/src/bhowmik2025plots/input_files/frank_profiles/ODISEA_C4_27_frank_profile_fit.txt
146,odisea_c4_3,False,/home/pnogueira/chewiepoint/bhowmik_2025/bhowmik2025_et_al_plots/src/bhowmik2025plots/input_files/fits_files/ODISEA_C4_3_all_p0_bigmask.fits,/home/pnogueira/chewiepoint/bhowmik_2025/bhowmik2025_et_al_plots/src/bhowmik2025plots/input_files/frank_profiles/ODISEA_C4_3_frank_profile_fit.txt
147,odisea_c4_3,True,/home/pnogueira/chewiepoint/bhowmik_2025/bhowmik2025_et_al_plots/src/bhowmik2025plots/input_files/fits_files/ODISEA_C4_3_frank_model.fits,/home/pnogueira/chewiepoint/bhowmik_2025/bhowmik2025_et_al_plots/src/bhowmik2025plots/input_files/frank_profiles/ODISEA_C4_3_frank_profile_fit.txt
148,odisea_c4_30,True,/home/pnogueira/chewiepoint/bhowmik_2025/bhowmik2025_et_al_plots/src/bhowmik2025plots/input_files/fits_files/ODISEA_C4_30_frank_model.fits,/home/pnogueira/chewiepoint/bhowmik_2025/bhowmik2025_et_al_plots/src/bhowmik2025plots/input_files/frank_profiles/ODISEA_C4_30_frank_profile_fit.txt
149,odisea_c4_30,False,/home/pnogueira/chewiepoint/bhowmik_2025/bhowmik2025_et_al_plots/src/bhowmik2025plots/input_files/fits_files/ODISEA_C4_30_all_p0_bigmask.fits,/home/pnogueira/chewiepoint/bhowmik_2025/bhowmik2025_et_al_plots/src/bhowmik2025plots/input_files/frank_profiles/ODISEA_C4_30_frank_profile_fit.txt
150,odisea_c4_33,False,/home/pnogueira/chewiepoint/bhowmik_2025/bhowmik2025_et_al_plots/src/bhowmik2025plots/input_files/fits_files/ODISEA_C4_33_all_p0_bigmask.fits,/home/pnogueira/chewiepoint/bhowmik_2025/bhowmik2025_et_al_plots/src/bhowmik2025plots/input_files/frank_profiles/ODISEA_C4_33_frank_profile_fit.txt
151,odisea_c4_33,True,/home/pnogueira/chewiepoint/bhowmik_2025/bhowmik2025_et_al_plots/src/bhowmik2025plots/input_files/fits_files/ODISEA_C4_33_frank_model.fits,/home/pnogueira/chewiepoint/bhowmik_2025/bhowmik2025_et_al_plots/src/bhowmik2025plots/input_files/frank_profiles/ODISEA_C4_33_frank_profile_fit.txt
152,odisea_c4_34,False,/home/pnogueira/chewiepoint/bhowmik_2025/bhowmik2025_et_al_plots/src/bhowmik2025plots/input_files/fits_files/ODISEA_C4_34_all_p0_bigmask.fits,/home/pnogueira/chewiepoint/bhowmik_2025/bhowmik2025_et_al_plots/src/bhowmik2025plots/input_files/frank_profiles/ODISEA_C4_34_frank_profile_fit.txt
153,odisea_c4_34,True,/home/pnogueira/chewiepoint/bhowmik_2025/bhowmik2025_et_al_plots/src/bhowmik2025plots/input_files/fits_files/ODISEA_C4_34_frank_model.fits,/home/pnogueira/chewiepoint/bhowmik_2025/bhowmik2025_et_al_plots/src/bhowmik2025plots/input_files/frank_profiles/ODISEA_C4_34_frank_profile_fit.txt
154,odisea_c4_35,False,/home/pnogueira/chewiepoint/bhowmik_2025/bhowmik2025_et_al_plots/src/bhowmik2025plots/input_files/fits_files/ODISEA_C4_35_all_p0_bigmask.fits,/home/pnogueira/chewiepoint/bhowmik_2025/bhowmik2025_et_al_plots/src/bhowmik2025plots/input_files/frank_profiles/ODISEA_C4_35_frank_profile_fit.txt
155,odisea_c4_35,True,/home/pnogueira/chewiepoint/bhowmik_2025/bhowmik2025_et_al_plots/src/bhowmik2025plots/input_files/fits_files/ODISEA_C4_35_frank_model.fits,/home/pnogueira/chewiepoint/bhowmik_2025/bhowmik2025_et_al_plots/src/bhowmik2025plots/input_files/frank_profiles/ODISEA_C4_35_frank_profile_fit.txt
156,odisea_c4_38,True,/home/pnogueira/chewiepoint/bhowmik_2025/bhowmik2025_et_al_plots/src/bhowmik2025plots/input_files/fits_files/ODISEA_C4_38_frank_model.fits,/home/pnogueira/chewiepoint/bhowmik_2025/bhowmik2025_et_al_plots/src/bhowmik2025plots/input_files/frank_profiles/ODISEA_C4_38_frank_profile_fit.txt
157,odisea_c4_38,False,/home/pnogueira/chewiepoint/bhowmik_2025/bhowmik2025_et_al_plots/src/bhowmik2025plots/input_files/fits_files/ODISEA_C4_38_all_p0_bigmask.fits,/home/pnogueira/chewiepoint/bhowmik_2025/bhowmik2025_et_al_plots/src/bhowmik2025plots/input_files/frank_profiles/ODISEA_C4_38_frank_profile_fit.txt
158,odisea_c4_39,False,/home/pnogueira/chewiepoint/bhowmik_2025/bhowmik2025_et_al_plots/src/bhowmik2025plots/input_files/fits_files/ODISEA_C4_39_all_p0_bigmask.fits,/home/pnogueira/chewiepoint/bhowmik_2025/bhowmik2025_et_al_plots/src/bhowmik2025plots/input_files/frank_profiles/ODISEA_C4_39_frank_profile_fit.txt
159,odisea_c4_39,True,/home/pnogueira/chewiepoint/bhowmik_2025/bhowmik2025_et_al_plots/src/bhowmik2025plots/input_files/fits_files/ODISEA_C4_39_frank_model.fits,/home/pnogueira/chewiepoint/bhowmik_2025/bhowmik2025_et_al_plots/src/bhowmik2025plots/input_files/frank_profiles/ODISEA_C4_39_frank_profile_fit.txt
160,odisea_c4_41,True,/home/pnogueira/chewiepoint/bhowmik_2025/bhowmik2025_et_al_plots/src/bhowmik2025plots/input_files/fits_files/ODISEA_C4_41_frank_model.fits,/home/pnogueira/chewiepoint/bhowmik_2025/bhowmik2025_et_al_plots/src/bhowmik2025plots/input_files/frank_profiles/ODISEA_C4_41_frank_profile_fit.txt
161,odisea_c4_41,False,/home/pnogueira/chewiepoint/bhowmik_2025/bhowmik2025_et_al_plots/src/bhowmik2025plots/input_files/fits_files/ODISEA_C4_41_all_p0_bigmask.fits,/home/pnogueira/chewiepoint/bhowmik_2025/bhowmik2025_et_al_plots/src/bhowmik2025plots/input_files/frank_profiles/ODISEA_C4_41_frank_profile_fit.txt
162,odisea_c4_42,True,/home/pnogueira/chewiepoint/bhowmik_2025/bhowmik2025_et_al_plots/src/bhowmik2025plots/input_files/fits_files/ODISEA_C4_42_frank_model.fits,/home/pnogueira/chewiepoint/bhowmik_2025/bhowmik2025_et_al_plots/src/bhowmik2025plots/input_files/frank_profiles/ODISEA_C4_42_frank_profile_fit.txt
163,odisea_c4_42,False,/home/pnogueira/chewiepoint/bhowmik_2025/bhowmik2025_et_al_plots/src/bhowmik2025plots/input_files/fits_files/ODISEA_C4_42_all_p0_bigmask.fits,/home/pnogueira/chewiepoint/bhowmik_2025/bhowmik2025_et_al_plots/src/bhowmik2025plots/input_files/frank_profiles/ODISEA_C4_42_frank_profile_fit.txt
164,odisea_c4_44,False,/home/pnogueira/chewiepoint/bhowmik_2025/bhowmik2025_et_al_plots/src/bhowmik2025plots/input_files/fits_files/ODISEA_C4_44_all_p0_bigmask.fits,/home/pnogueira/chewiepoint/bhowmik_2025/bhowmik2025_et_al_plots/src/bhowmik2025plots/input_files/frank_profiles/ODISEA_C4_44_frank_profile_fit.txt
165,odisea_c4_44,True,/home/pnogueira/chewiepoint/bhowmik_2025/bhowmik2025_et_al_plots/src/bhowmik2025plots/input_files/fits_files/ODISEA_C4_44_frank_model.fits,/home/pnogueira/chewiepoint/bhowmik_2025/bhowmik2025_et_al_plots/src/bhowmik2025plots/input_files/frank_profiles/ODISEA_C4_44_frank_profile_fit.txt
166,odisea_c4_47,False,/home/pnogueira/chewiepoint/bhowmik_2025/bhowmik2025_et_al_plots/src/bhowmik2025plots/input_files/fits_files/ODISEA_C4_47_all_p0_bigmask.fits,/home/pnogueira/chewiepoint/bhowmik_2025/bhowmik2025_et_al_plots/src/bhowmik2025plots/input_files/frank_profiles/ODISEA_C4_47_frank_profile_fit.txt
167,odisea_c4_47,True,/home/pnogueira/chewiepoint/bhowmik_2025/bhowmik2025_et_al_plots/src/bhowmik2025plots/input_files/fits_files/ODISEA_C4_47_frank_model.fits,/home/pnogueira/chewiepoint/bhowmik_2025/bhowmik2025_et_al_plots/src/bhowmik2025plots/input_files/frank_profiles/ODISEA_C4_47_frank_profile_fit.txt
168,odisea_c4_5,False,/home/pnogueira/chewiepoint/bhowmik_2025/bhowmik2025_et_al_plots/src/bhowmik2025plots/input_files/fits_files/ODISEA_C4_5_all_p0_bigmask.fits,/home/pnogueira/chewiepoint/bhowmik_2025/bhowmik2025_et_al_plots/src/bhowmik2025plots/input_files/frank_profiles/ODISEA_C4_5_frank_profile_fit.txt
169,odisea_c4_5,True,/home/pnogueira/chewiepoint/bhowmik_2025/bhowmik2025_et_al_plots/src/bhowmik2025plots/input_files/fits_files/ODISEA_C4_5_frank_model.fits,/home/pnogueira/chewiepoint/bhowmik_2025/bhowmik2025_et_al_plots/src/bhowmik2025plots/input_files/frank_profiles/ODISEA_C4_5_frank_profile_fit.txt
170,odisea_c4_51,False,/home/pnogueira/chewiepoint/bhowmik_2025/bhowmik2025_et_al_plots/src/bhowmik2025plots/input_files/fits_files/ODISEA_C4_51_all_p0_bigmask.fits,/home/pnogueira/chewiepoint/bhowmik_2025/bhowmik2025_et_al_plots/src/bhowmik2025plots/input_files/frank_profiles/ODISEA_C4_51_frank_profile_fit.txt
171,odisea_c4_51,True,/home/pnogueira/chewiepoint/bhowmik_2025/bhowmik2025_et_al_plots/src/bhowmik2025plots/input_files/fits_files/ODISEA_C4_51_frank_model.fits,/home/pnogueira/chewiepoint/bhowmik_2025/bhowmik2025_et_al_plots/src/bhowmik2025plots/input_files/frank_profiles/ODISEA_C4_51_frank_profile_fit.txt
172,odisea_c4_53a,True,/home/pnogueira/chewiepoint/bhowmik_2025/bhowmik2025_et_al_plots/src/bhowmik2025plots/input_files/fits_files/ODISEA_C4_53A_frank_model.fits,/home/pnogueira/chewiepoint/bhowmik_2025/bhowmik2025_et_al_plots/src/bhowmik2025plots/input_files/frank_profiles/ODISEA_C4_53A_frank_profile_fit.txt
173,odisea_c4_53a,False,/home/pnogueira/chewiepoint/bhowmik_2025/bhowmik2025_et_al_plots/src/bhowmik2025plots/input_files/fits_files/ODISEA_C4_53A_all_p0_bigmask.fits,/home/pnogueira/chewiepoint/bhowmik_2025/bhowmik2025_et_al_plots/src/bhowmik2025plots/input_files/frank_profiles/ODISEA_C4_53A_frank_profile_fit.txt
174,odisea_c4_53b,True,/home/pnogueira/chewiepoint/bhowmik_2025/bhowmik2025_et_al_plots/src/bhowmik2025plots/input_files/fits_files/ODISEA_C4_53B_frank_model.fits,/home/pnogueira/chewiepoint/bhowmik_2025/bhowmik2025_et_al_plots/src/bhowmik2025plots/input_files/frank_profiles/ODISEA_C4_53B_frank_profile_fit.txt
175,odisea_c4_53b,False,/home/pnogueira/chewiepoint/bhowmik_2025/bhowmik2025_et_al_plots/src/bhowmik2025plots/input_files/fits_files/ODISEA_C4_53B_all_p0_bigmask.fits,/home/pnogueira/chewiepoint/bhowmik_2025/bhowmik2025_et_al_plots/src/bhowmik2025plots/input_files/frank_profiles/ODISEA_C4_53B_frank_profile_fit.txt
176,odisea_c4_55,False,/home/pnogueira/chewiepoint/bhowmik_2025/bhowmik2025_et_al_plots/src/bhowmik2025plots/input_files/fits_files/ODISEA_C4_55_all_p0_bigmask.fits,/home/pnogueira/chewiepoint/bhowmik_2025/bhowmik2025_et_al_plots/src/bhowmik2025plots/input_files/frank_profiles/ODISEA_C4_55_frank_profile_fit.txt
177,odisea_c4_55,True,/home/pnogueira/chewiepoint/bhowmik_2025/bhowmik2025_et_al_plots/src/bhowmik2025plots/input_files/fits_files/ODISEA_C4_55_frank_model.fits,/home/pnogueira/chewiepoint/bhowmik_2025/bhowmik2025_et_al_plots/src/bhowmik2025plots/input_files/frank_profiles/ODISEA_C4_55_frank_profile_fit.txt
178,odisea_c4_62,False,/home/pnogueira/chewiepoint/bhowmik_2025/bhowmik2025_et_al_plots/src/bhowmik2025plots/input_files/fits_files/ODISEA_C4_62_all_p0_bigmask.fits,/home/pnogueira/chewiepoint/bhowmik_2025/bhowmik2025_et_al_plots/src/bhowmik2025plots/input_files/frank_profiles/ODISEA_C4_62_frank_profile_fit.txt
179,odisea_c4_62,True,/home/pnogueira/chewiepoint/bhowmik_2025/bhowmik2025_et_al_plots/src/bhowmik2025plots/input_files/fits_files/ODISEA_C4_62_frank_model.fits,/home/pnogueira/chewiepoint/bhowmik_2025/bhowmik2025_et_al_plots/src/bhowmik2025plots/input_files/frank_profiles/ODISEA_C4_62_frank_profile_fit.txt
180,odisea_c4_63,False,/home/pnogueira/chewiepoint/bhowmik_2025/bhowmik2025_et_al_plots/src/bhowmik2025plots/input_files/fits_files/ODISEA_C4_63_all_p0_bigmask.fits,/home/pnogueira/chewiepoint/bhowmik_2025/bhowmik2025_et_al_plots/src/bhowmik2025plots/input_files/frank_profiles/ODISEA_C4_63_frank_profile_fit.txt
181,odisea_c4_63,True,/home/pnogueira/chewiepoint/bhowmik_2025/bhowmik2025_et_al_plots/src/bhowmik2025plots/input_files/fits_files/ODISEA_C4_63_frank_model.fits,/home/pnogueira/chewiepoint/bhowmik_2025/bhowmik2025_et_al_plots/src/bhowmik2025plots/input_files/frank_profiles/ODISEA_C4_63_frank_profile_fit.txt
182,odisea_c4_64,True,/home/pnogueira/chewiepoint/bhowmik_2025/bhowmik2025_et_al_plots/src/bhowmik2025plots/input_files/fits_files/ODISEA_C4_64_frank_model.fits,/home/pnogueira/chewiepoint/bhowmik_2025/bhowmik2025_et_al_plots/src/bhowmik2025plots/input_files/frank_profiles/ODISEA_C4_64_frank_profile_fit.txt
183,odisea_c4_64,False,/home/pnogueira/chewiepoint/bhowmik_2025/bhowmik2025_et_al_plots/src/bhowmik2025plots/input_files/fits_files/ODISEA_C4_64_all_p0_bigmask.fits,/home/pnogueira/chewiepoint/bhowmik_2025/bhowmik2025_et_al_plots/src/bhowmik2025plots/input_files/frank_profiles/ODISEA_C4_64_frank_profile_fit.txt
184,odisea_c4_67,False,/home/pnogueira/chewiepoint/bhowmik_2025/bhowmik2025_et_al_plots/src/bhowmik2025plots/input_files/fits_files/ODISEA_C4_67_all_p0_bigmask.fits,/home/pnogueira/chewiepoint/bhowmik_2025/bhowmik2025_et_al_plots/src/bhowmik2025plots/input_files/frank_profiles/ODISEA_C4_67_frank_profile_fit.txt
185,odisea_c4_67,True,/home/pnogueira/chewiepoint/bhowmik_2025/bhowmik2025_et_al_plots/src/bhowmik2025plots/input_files/fits_files/ODISEA_C4_67_frank_model.fits,/home/pnogueira/chewiepoint/bhowmik_2025/bhowmik2025_et_al_plots/src/bhowmik2025plots/input_files/frank_profiles/ODISEA_C4_67_frank_profile_fit.txt
186,odisea_c4_68,False,/home/pnogueira/chewiepoint/bhowmik_2025/bhowmik2025_et_al_plots/src/bhowmik2025plots/input_files/fits_files/ODISEA_C4_68_all_p0_bigmask.fits,/home/pnogueira/chewiepoint/bhowmik_2025/bhowmik2025_et_al_plots/src/bhowmik2025plots/input_files/frank_profiles/ODISEA_C4_68_frank_profile_fit.txt
187,odisea_c4_68,True,/home/pnogueira/chewiepoint/bhowmik_2025/bhowmik2025_et_al_plots/src/bhowmik2025plots/input_files/fits_files/ODISEA_C4_68_frank_model.fits,/home/pnogueira/chewiepoint/bhowmik_2025/bhowmik2025_et_al_plots/src/bhowmik2025plots/input_files/frank_profiles/ODISEA_C4_68_frank_profile_fit.txt
188,odisea_c4_70,True,/home/pnogueira/chewiepoint/bhowmik_2025/bhowmik2025_et_al_plots/src/bhowmik2025plots/input_files/fits_files/ODISEA_C4_70_frank_model.fits,/home/pnogueira/chewiepoint/bhowmik_2025/bhowmik2025_et_al_plots/src/bhowmik2025plots/input_files/frank_profiles/ODISEA_C4_70_frank_profile_fit.txt
189,odisea_c4_70,False,/home/pnogueira/chewiepoint/bhowmik_2025/bhowmik2025_et_al_plots/src/bhowmik2025plots/input_files/fits_files/ODISEA_C4_70_all_p0_bigmask.fits,/home/pnogueira/chewiepoint/bhowmik_2025/bhowmik2025_et_al_plots/src/bhowmik2025plots/input_files/frank_profiles/ODISEA_C4_70_frank_profile_fit.txt
190,odisea_c4_72,True,/home/pnogueira/chewiepoint/bhowmik_2025/bhowmik2025_et_al_plots/src/bhowmik2025plots/input_files/fits_files/ODISEA_C4_72_frank_model.fits,/home/pnogueira/chewiepoint/bhowmik_2025/bhowmik2025_et_al_plots/src/bhowmik2025plots/input_files/frank_profiles/ODISEA_C4_72_frank_profile_fit.txt
191,odisea_c4_72,False,/home/pnogueira/chewiepoint/bhowmik_2025/bhowmik2025_et_al_plots/src/bhowmik2025plots/input_files/fits_files/ODISEA_C4_72_all_p0_bigmask.fits,/home/pnogueira/chewiepoint/bhowmik_2025/bhowmik2025_et_al_plots/src/bhowmik2025plots/input_files/frank_profiles/ODISEA_C4_72_frank_profile_fit.txt
192,odisea_c4_75,False,/home/pnogueira/chewiepoint/bhowmik_2025/bhowmik2025_et_al_plots/src/bhowmik2025plots/input_files/fits_files/ODISEA_C4_75_all_p0_bigmask.fits,/home/pnogueira/chewiepoint/bhowmik_2025/bhowmik2025_et_al_plots/src/bhowmik2025plots/input_files/frank_profiles/ODISEA_C4_75_frank_profile_fit.txt
193,odisea_c4_75,True,/home/pnogueira/chewiepoint/bhowmik_2025/bhowmik2025_et_al_plots/src/bhowmik2025plots/input_files/fits_files/ODISEA_C4_75_frank_model.fits,/home/pnogueira/chewiepoint/bhowmik_2025/bhowmik2025_et_al_plots/src/bhowmik2025plots/input_files/frank_profiles/ODISEA_C4_75_frank_profile_fit.txt
194,odisea_c4_83,False,/home/pnogueira/chewiepoint/bhowmik_2025/bhowmik2025_et_al_plots/src/bhowmik2025plots/input_files/fits_files/ODISEA_C4_83_all_p0_bigmask.fits,/home/pnogueira/chewiepoint/bhowmik_2025/bhowmik2025_et_al_plots/src/bhowmik2025plots/input_files/frank_profiles/ODISEA_C4_83_frank_profile_fit.txt
195,odisea_c4_83,True,/home/pnogueira/chewiepoint/bhowmik_2025/bhowmik2025_et_al_plots/src/bhowmik2025plots/input_files/fits_files/ODISEA_C4_83_frank_model.fits,/home/pnogueira/chewiepoint/bhowmik_2025/bhowmik2025_et_al_plots/src/bhowmik2025plots/input_files/frank_profiles/ODISEA_C4_83_frank_profile_fit.txt
196,odisea_c4_85,False,/home/pnogueira/chewiepoint/bhowmik_2025/bhowmik2025_et_al_plots/src/bhowmik2025plots/input_files/fits_files/ODISEA_C4_85_all_p0_bigmask.fits,/home/pnogueira/chewiepoint/bhowmik_2025/bhowmik2025_et_al_plots/src/bhowmik2025plots/input_files/frank_profiles/ODISEA_C4_85_frank_profile_fit.txt
197,odisea_c4_85,True,/home/pnogueira/chewiepoint/bhowmik_2025/bhowmik2025_et_al_plots/src/bhowmik2025plots/input_files/fits_files/ODISEA_C4_85_frank_model.fits,/home/pnogueira/chewiepoint/bhowmik_2025/bhowmik2025_et_al_plots/src/bhowmik2025plots/input_files/frank_profiles/ODISEA_C4_85_frank_profile_fit.txt
198,odisea_c4_98,True,/home/pnogueira/chewiepoint/bhowmik_2025/bhowmik2025_et_al_plots/src/bhowmik2025plots/input_files/fits_files/ODISEA_C4_98_frank_model.fits,/home/pnogueira/chewiepoint/bhowmik_2025/bhowmik2025_et_al_plots/src/bhowmik2025plots/input_files/frank_profiles/ODISEA_C4_98_frank_profile_fit.txt
199,odisea_c4_98,False,/home/pnogueira/chewiepoint/bhowmik_2025/bhowmik2025_et_al_plots/src/bhowmik2025plots/input_files/fits_files/ODISEA_C4_98_all_p0_bigmask.fits,/home/pnogueira/chewiepoint/bhowmik_2025/bhowmik2025_et_al_plots/src/bhowmik2025plots/input_files/frank_profiles/ODISEA_C4_98_frank_profile_fit.txt
200,ra162813.74,True,/home/pnogueira/chewiepoint/bhowmik_2025/bhowmik2025_et_al_plots/src/bhowmik2025plots/input_files/fits_files/RA162813.74_frank_model.fits,/home/pnogueira/chewiepoint/bhowmik_2025/bhowmik2025_et_al_plots/src/bhowmik2025plots/input_files/frank_profiles/RA162813.74_frank_profile_fit.txt
201,ra162813.74,False,/home/pnogueira/chewiepoint/bhowmik_2025/bhowmik2025_et_al_plots/src/bhowmik2025plots/input_files/fits_files/RA162813.74_all_p0_bigmask.fits,/home/pnogueira/chewiepoint/bhowmik_2025/bhowmik2025_et_al_plots/src/bhowmik2025plots/input_files/frank_profiles/RA162813.74_frank_profile_fit.txt
